[
  {
    "id": 1,
    "text": "أَصْبَحْنَا وَأَصْبَحَ الْمُلْكُ لِلَّهِ، وَالْحَمْدُ لِلَّهِ، لَا إِلَهَ إِلَّا اللَّهُ وَحْدَهُ لَا شَرِيكَ لَهُ",
    "count": 1,
    "time": "صباح"
  },
  {
    "id": 2,
    "text": "اللَّهُمَّ أَنْتَ رَبِّي لَا إِلَهَ إِلَّا أَنْتَ، خَلَقْتَنِي وَأَنَا عَبْدُكَ، وَأَنَا عَلَى عَهْدِكَ وَوَعْدِكَ مَا اسْتَطَعْتُ، أَعُوذُ بِكَ مِنْ شَرِّ مَا صَنَعْتُ، أَبُوءُ لَكَ بِنِعْمَتِكَ عَلَيَّ، وَأَبُوءُ بِذَنْبِي فَاغْفِرْ لِي فَإِنَّهُ لَا يَغْفِرُ الذُّنُوبَ إِلَّا أَنْتَ",
    "count": 1,
    "time": "صباح"
  },
  {
    "id": 3,
    "text": "رَضِيتُ بِاللَّهِ رَبًّا وَبِالْإِسْلَامِ دِينًا وَبِمُحَمَّدٍ نَبِيًّا",
    "count": 3,
    "time": "صباح"
  },
  {
    "id": 4,
    "text": "سُبْحَانَ اللَّهِ وَبِحَمْدِهِ",
    "count": 100,
    "time": "صباح"
  },
  {
    "id": 5,
    "text": "لَا إِلَهَ إِلَّا اللَّهُ وَحْدَهُ لَا شَرِيكَ لَهُ، لَهُ الْمُلْكُ وَلَهُ الْحَمْدُ، وَهُوَ عَلَى كُلِّ شَيْءٍ قَدِيرٌ",
    "count": 10,
    "time": "صباح"
  },
  {
    "id": 6,
    "text": "أَمْسَيْنَا وَأَمْسَى الْمُلْكُ لِلَّهِ، وَالْحَمْدُ لِلَّهِ، لَا إِلَهَ إِلَّا اللَّهُ وَحْدَهُ لَا شَرِيكَ لَهُ",
    "count": 1,
    "time": "مساء"
  },
  {
    "id": 7,
    "text": "اللَّهُمَّ أَنْتَ رَبِّي لَا إِلَهَ إِلَّا أَنْتَ، خَلَقْتَنِي وَأَنَا عَبْدُكَ، وَأَنَا عَلَى عَهْدِكَ وَوَعْدِكَ مَا اسْتَطَعْتُ، أَعُوذُ بِكَ مِنْ شَرِّ مَا صَنَعْتُ، أَبُوءُ لَكَ بِنِعْمَتِكَ عَلَيَّ، وَأَبُوءُ بِذَنْبِي فَاغْفِرْ لِي فَإِنَّهُ لَا يَغْفِرُ الذُّنُوبَ إِلَّا أَنْتَ",
    "count": 1,
    "time": "مساء"
  },
  {
    "id": 8,
    "text": "رَضِيتُ بِاللَّهِ رَبًّا وَبِالْإِسْلَامِ دِينًا وَبِمُحَمَّدٍ نَبِيًّا",
    "count": 3,
    "time": "مساء"
  },
  {
    "id": 9,
    "text": "سُبْحَانَ اللَّهِ وَبِحَمْدِهِ",
    "count": 100,
    "time": "مساء"
  },
  {
    "id": 10,
    "text": "لَا إِلَهَ إِلَّا اللَّهُ وَحْدَهُ لَا شَرِيكَ لَهُ، لَهُ الْمُلْكُ وَلَهُ الْحَمْدُ، وَهُوَ عَلَى كُلِّ شَيْءٍ قَدِيرٌ",
    "count": 10,
    "time": "مساء"
  },
  {
    "id": 11,
    "text": "اللَّهُمَّ إِنِّي أَسْأَلُكَ عِلْمًا نَافِعًا وَرِزْقًا طَيِّبًا وَعَمَلًا مُتَقَبَّلًا",
    "count": 1,
    "time": "صباح"
  },
  {
    "id": 12,
    "text": "أَسْتَغْفِرُ اللَّهَ الَّذِي لَا إِلَهَ إِلَّا هُوَ الْحَيُّ الْقَيُّومُ وَأَتُوبُ إِلَيْهِ",
    "count": 3,
    "time": "صباح"
  },
  {
    "id": 13,
    "text": "يَا حَيُّ يَا قَيُّومُ بِرَحْمَتِكَ أَسْتَغِيثُ أَصْلِحْ لِي شَأْنِي كُلَّهُ وَلَا تَكِلْنِي إِلَى نَفْسِي طَرْفَةَ عَيْنٍ",
    "count": 1,
    "time": "صباح"
  },
  {
    "id": 14,
    "text": "اللَّهُمَّ عَافِنِي فِي بَدَنِي اللَّهُمَّ عَافِنِي فِي سَمْعِي اللَّهُمَّ عَافِنِي فِي بَصَرِي",
    "count": 3,
    "time": "صباح"
  },
  {
    "id": 15,
    "text": "اللَّهُمَّ إِنِّي أَعُوذُ بِكَ مِنْ الْكُفْرِ وَالْفَقْرِ وَعَذَابِ الْقَبْرِ",
    "count": 1,
    "time": "صباح"
  },
  {
    "id": 16,
    "text": "اللَّهُمَّ إِنِّي أَسْأَلُكَ الْهُدَى وَالتُّقَى وَالْعَفَافَ وَالْغِنَى",
    "count": 1,
    "time": "صباح"
  },
  {
    "id": 17,
    "text": "اللَّهُمَّ اغْفِرْ لِي مَا قَدَّمْتُ وَمَا أَخَّرْتُ وَمَا أَسْرَرْتُ وَمَا أَعْلَنْتُ",
    "count": 1,
    "time": "صباح"
  },
  {
    "id": 18,
    "text": "اللَّهُمَّ إِنِّي أَعُوذُ بِكَ مِنْ زَوَالِ نِعْمَتِكَ وَتَحَوُّلِ عَافِيَتِكَ وَفُجَاءَةِ نِقْمَتِكَ",
    "count": 1,
    "time": "صباح"
  },
  {
    "id": 19,
    "text": "اللَّهُمَّ إِنِّي أَسْأَلُكَ خَيْرَ هَذَا الْيَوْمِ فَتْحَهُ وَنَصْرَهُ وَنُورَهُ وَبَرَكَتَهُ",
    "count": 1,
    "time": "صباح"
  },
  {
    "id": 20,
    "text": "اللَّهُمَّ صَلِّ وَسَلِّمْ عَلَى نَبِيِّنَا مُحَمَّدٍ",
    "count": 10,
    "time": "صباح"
  },
  {
    "id": 21,
    "text": "اللَّهُمَّ إِنِّي أَسْأَلُكَ عِلْمًا نَافِعًا وَرِزْقًا طَيِّبًا وَعَمَلًا مُتَقَبَّلًا",
    "count": 1,
    "time": "مساء"
  },
  {
    "id": 22,
    "text": "أَسْتَغْفِرُ اللَّهَ الَّذِي لَا إِلَهَ إِلَّا هُوَ الْحَيُّ الْقَيُّومُ وَأَتُوبُ إِلَيْهِ",
    "count": 3,
    "time": "مساء"
  },
  {
    "id": 23,
    "text": "يَا حَيُّ يَا قَيُّومُ بِرَحْمَتِكَ أَسْتَغِيثُ أَصْلِحْ لِي شَأْنِي كُلَّهُ وَلَا تَكِلْنِي إِلَى نَفْسِي طَرْفَةَ عَيْنٍ",
    "count": 1,
    "time": "مساء"
  },
  {
    "id": 24,
    "text": "اللَّهُمَّ عَافِنِي فِي بَدَنِي اللَّهُمَّ عَافِنِي فِي سَمْعِي اللَّهُمَّ عَافِنِي فِي بَصَرِي",
    "count": 3,
    "time": "مساء"
  },
  {
    "id": 25,
    "text": "اللَّهُمَّ إِنِّي أَعُوذُ بِكَ مِنْ الْكُفْرِ وَالْفَقْرِ وَعَذَابِ الْقَبْرِ",
    "count": 1,
    "time": "مساء"
  },
  {
    "id": 26,
    "text": "اللَّهُمَّ إِنِّي أَسْأَلُكَ الْهُدَى وَالتُّقَى وَالْعَفَافَ وَالْغِنَى",
    "count": 1,
    "time": "مساء"
  },
  {
    "id": 27,
    "text": "اللَّهُمَّ اغْفِرْ لِي مَا قَدَّمْتُ وَمَا أَخَّرْتُ وَمَا أَسْرَرْتُ وَمَا أَعْلَنْتُ",
    "count": 1,
    "time": "مساء"
  },
  {
    "id": 28,
    "text": "اللَّهُمَّ إِنِّي أَعُوذُ بِكَ مِنْ زَوَالِ نِعْمَتِكَ وَتَحَوُّلِ عَافِيَتِكَ وَفُجَاءَةِ نِقْمَتِكَ",
    "count": 1,
    "time": "مساء"
  },
  {
    "id": 29,
    "text": "اللَّهُمَّ إِنِّي أَسْأَلُكَ خَيْرَ هَذِهِ اللَّيْلَةِ فَتْحَهَا وَنَصْرَهَا وَنُورَهَا وَبَرَكَتَهَا",
    "count": 1,
    "time": "مساء"
  },
  {
    "id": 30,
    "text": "اللَّهُمَّ صَلِّ وَسَلِّمْ عَلَى نَبِيِّنَا مُحَمَّدٍ",
    "count": 10,
    "time": "مساء"
  }
]