{
  "appId": "com.sevencodes.rafiq",
  "appName": "رفيق - رفيقك الإسلامي",
  "webDir": ".",
  "bundledWebRuntime": false,
  "plugins": {
    "SplashScreen": {
      "launchShowDuration": 3000,
      "launchAutoHide": true,
      "backgroundColor": "#ffffff",
      "androidSplashResourceName": "splash",
      "androidScaleType": "CENTER_CROP",
      "showSpinner": true,
      "spinnerColor": "#667eea"
    },
    "LocalNotifications": {
      "smallIcon": "ic_notification",
      "iconColor": "#667eea",
      "sound": "beep.wav"
    },
    "Geolocation": {
      "permissions": ["location"]
    }
  },
  "android": {
    "path": "android",
    "backgroundColor": "#ffffff",
    "allowMixedContent": false,
    "captureInput": true,
    "webContentsDebuggingEnabled": true
  },
  "server": {
    "url": "http://localhost:3000",
    "cleartext": true
  }
}