[
  {
    "title": "دعاء الاستفتاح",
    "text": "اللَّهُمَّ إِنِّي أَسْتَفْتِحُ بِكَ وَأَتَوَكَّلُ عَلَيْكَ وَأُؤْمِنُ بِكَ وَأَنْتَ أَعْلَمُ بِأَمْرِي وَأَنْتَ أَقْدَرُ عَلَى أَمْرِي"
  },
  {
    "title": "دعاء الركوع",
    "text": "سُبْحَانَ رَبِّيَ الْعَظِيمِ وَبِحَمْدِهِ"
  },
  {
    "title": "دعاء السجود",
    "text": "سُبْحَانَ رَبِّيَ الْأَعْلَى وَبِحَمْدِهِ"
  },
  {
    "title": "دعاء الاستغفار",
    "text": "اللَّهُمَّ اغْفِرْ لِي وَارْحَمْنِي وَاهْدِنِي وَعَافِنِي وَارْزُقْنِي"
  },
  {
    "title": "دعاء التوكل",
    "text": "اللَّهُمَّ إِنِّي أَعُوذُ بِكَ مِنَ الْهَمِّ وَالْحَزَنِ وَأَعُوذُ بِكَ مِنَ الْعَجْزِ وَالْكَسَلِ وَأَعُوذُ بِكَ مِنَ الْجُبْنِ وَالْبُخْلِ وَأَعُوذُ بِكَ مِنْ غَلَبَةِ الدَّيْنِ وَقَهْرِ الرِّجَالِ"
  },
  {
    "title": "دعاء الصباح",
    "text": "اللَّهُمَّ بِكَ أَصْبَحْنَا وَبِكَ أَمْسَيْنَا وَبِكَ نَحْيَا وَبِكَ نَمُوتُ وَإِلَيْكَ النُّشُورُ"
  },
  {
    "title": "دعاء المساء",
    "text": "اللَّهُمَّ بِكَ أَمْسَيْنَا وَبِكَ نَحْيَا وَبِكَ نَمُوتُ وَإِلَى اللَّهِ الْمَصِيرُ"
  },
  {
    "title": "دعاء الفرج",
    "text": "لَا إِلَهَ إِلَّا أَنْتَ سُبْحَانَكَ إِنِّي كُنْتُ مِنَ الظَّالِمِينَ"
  },
  {
    "title": "دعاء الغضب",
    "text": "أَعُوذُ بِاللَّهِ مِنَ الشَّيْطَانِ الرَّجِيمِ"
  },
  {
    "title": "دعاء الخوف",
    "text": "حَسْبِيَ اللَّهُ وَنِعْمَ الْوَكِيلُ"
  },
  {
    "title": "دعاء الرزق",
    "text": "اللَّهُمَّ إِنِّي أَسْأَلُكَ عِلْمًا نَافِعًا وَرِزْقًا طَيِّبًا وَعَمَلًا مُتَقَبَّلًا"
  },
  {
    "title": "دعاء الشفاء",
    "text": "اللَّهُمَّ رَبَّ النَّاسِ أَذْهِبِ الْبَأْسَ وَاشْفِ أَنْتَ الشَّافِي لَا شِفَاءَ إِلَّا شِفَاؤُكَ شِفَاءً لَا يُغَادِرُ سَقَمًا"
  },
  {
    "title": "دعاء الرحمة",
    "text": "رَبِّ ارْحَمْهُمَا كَمَا رَبَّيَانِي صَغِيرًا"
  },
  {
    "title": "دعاء التوفيق",
    "text": "اللَّهُمَّ أَعِنِّي وَلَا تُعِنْ عَلَيَّ وَانْصُرْنِي وَلَا تَنْصُرْ عَلَيَّ وَامْكُرْ لِي وَلَا تَمْكُرْ عَلَيَّ وَاهْدِنِي وَيَسِّرْ هُدَايَ إِلَيَّ وَانْصُرْنِي عَلَى مَنْ بَغَى عَلَيَّ رَبِّ اجْعَلْنِي لَكَ شَكَّارًا لَكَ ذَكَّارًا لَكَ رَهَّابًا لَكَ مِطْوَاعًا إِلَيْكَ مُخْبِتًا أَبْوَابًا تَعْبُدُكَ رَبِّ اقْبَلْ تَوْبَتِي وَاغْسِلْ حَوْبَتِي وَأَجِبْ دَعْوَتِي وَثَبِّتْ حُجَّتِي وَسَدِّدْ لِسَانِي وَاهْدِ قَلْبِي وَاسْلُلْ سَخِيمَةَ صَدْرِي"
  },
  {
    "title": "دعاء الاستخارة",
    "text": "اللَّهُمَّ إِنِّي أَسْتَخِيرُكَ بِعِلْمِكَ وَأَسْتَقْدِرُكَ بِقُدْرَتِكَ وَأَسْأَلُكَ مِنْ فَضْلِكَ الْعَظِيمِ فَإِنَّكَ تَقْدِرُ وَلَا أَقْدِرُ وَتَعْلَمُ وَلَا أَعْلَمُ وَأَنْتَ عَلَّامُ الْغُيُوبِ"
  },
  {
    "title": "دعاء السفر",
    "text": "اللَّهُمَّ إِنَّا نَسْأَلُكَ فِي سَفَرِنَا هَذَا الْبِرَّ وَالتَّقْوَى وَمِنَ الْعَمَلِ مَا تَرْضَى"
  },
  {
    "title": "دعاء الرجوع من السفر",
    "text": "آيِبُونَ تَائِبُونَ عَابِدُونَ لِرَبِّنَا حَامِدُونَ"
  },
  {
    "title": "دعاء الاستيقاظ",
    "text": "الْحَمْدُ لِلَّهِ الَّذِي أَحْيَانَا بَعْدَ مَا أَمَاتَنَا وَإِلَيْهِ النُّشُورُ"
  },
  {
    "title": "دعاء النوم",
    "text": "بِاسْمِكَ اللَّهُمَّ أَمُوتُ وَأَحْيَا"
  },
  {
    "title": "دعاء الوضوء",
    "text": "اللَّهُمَّ اغْفِرْ لِي ذَنْبِي وَوَسِّعْ لِي فِي دَارِي وَبَارِكْ لِي فِي رِزْقِي"
  },
  {
    "title": "دعاء دخول المسجد",
    "text": "اللَّهُمَّ افْتَحْ لِي أَبْوَابَ رَحْمَتِكَ"
  },
  {
    "title": "دعاء الخروج من المسجد",
    "text": "اللَّهُمَّ إِنِّي أَسْأَلُكَ مِنْ فَضْلِكَ"
  },
  {
    "title": "دعاء الزواج",
    "text": "اللَّهُمَّ بَارِكْ لِي فِي أَهْلِي وَبَارِكْ لَهُمْ فِيَّ"
  },
  {
    "title": "دعاء الولد",
    "text": "اللَّهُمَّ هَبْ لِي مِنْ لَدُنْكَ ذُرِّيَّةً طَيِّبَةً إِنَّكَ سَمِيعُ الدُّعَاءِ"
  },
  {
    "title": "دعاء الهم",
    "text": "اللَّهُمَّ إِنِّي أَعُوذُ بِكَ مِنَ الْهَمِّ وَالْحَزَنِ وَالْعَجْزِ وَالْكَسَلِ وَالْبُخْلِ وَالْجُبْنِ وَضَلَعِ الدَّيْنِ وَغَلَبَةِ الرِّجَالِ"
  },
  {
    "title": "دعاء الدخول إلى المنزل",
    "text": "اللَّهُمَّ إِنِّي أَسْأَلُكَ خَيْرَ الْمَوْلَجِ وَخَيْرَ الْمَخْرَجِ بِسْمِ اللَّهِ وَلَجْنَا وَبِسْمِ اللَّهِ خَرَجْنَا وَعَلَى اللَّهِ رَبِّنَا تَوَكَّلْنَا"
  },
  {
    "title": "دعاء الطعام",
    "text": "اللَّهُمَّ بَارِكْ لَنَا فِيمَا رَزَقْتَنَا وَقِنَا عَذَابَ النَّارِ"
  },
  {
    "title": "دعاء بعد الطعام",
    "text": "الْحَمْدُ لِلَّهِ الَّذِي أَطْعَمَنَا وَسَقَانَا وَجَعَلَنَا مُسْلِمِينَ"
  },
  {
    "title": "دعاء الذكر",
    "text": "سُبْحَانَ اللَّهِ وَالْحَمْدُ لِلَّهِ وَلَا إِلَهَ إِلَّا اللَّهُ وَاللَّهُ أَكْبَرُ"
  },
  {
    "title": "دعاء الاستعاذة",
    "text": "أَعُوذُ بِاللَّهِ السَّمِيعِ الْعَلِيمِ مِنَ الشَّيْطَانِ الرَّجِيمِ"
  },
  {
    "title": "دعاء الصلاة على النبي",
    "text": "اللَّهُمَّ صَلِّ عَلَى مُحَمَّدٍ وَعَلَى آلِ مُحَمَّدٍ كَمَا صَلَّيْتَ عَلَى إِبْرَاهِيمَ وَعَلَى آلِ إِبْرَاهِيمَ إِنَّكَ حَمِيدٌ مَجِيدٌ"
  },
  {
    "title": "دعاء التعجب",
    "text": "سُبْحَانَ اللَّهِ عَمَّا يُشْرِكُونَ"
  },
  {
    "title": "دعاء الرضا",
    "text": "اللَّهُمَّ إِنِّي أَسْأَلُكَ الرِّضَا بِالْقَضَاءِ وَبَرْدَ الْعَيْشِ بَعْدَ الْمَوْتِ"
  },
  {
    "title": "دعاء الاستسقاء",
    "text": "اللَّهُمَّ أَغِثْنَا غَيْثًا مُغِيثًا هَنِيئًا مَرِيئًا غَدَقًا مُجَلَّلًا عَامًّا طَبَقًا دَائِمًا"
  },
  {
    "title": "دعاء البرد",
    "text": "اللَّهُمَّ إِنِّي أَعُوذُ بِكَ مِنْ زَمْهَرِيرِ جَهَنَّمَ وَمِنْ حَرِّ جَهَنَّمَ"
  },
  {
    "title": "دعاء الحفظ",
    "text": "اللَّهُمَّ احْفَظْنِي مِنْ بَيْنِ يَدَيَّ وَمِنْ خَلْفِي وَعَنْ يَمِينِي وَعَنْ شِمَالِي وَمِنْ فَوْقِي"
  },
  {
    "title": "دعاء اليقين",
    "text": "اللَّهُمَّ إِنِّي أَسْأَلُكَ يَقِينًا تُطْمَئِنُّ بِهِ قَلْبِي وَتَصْدُقُ بِهِ يَقِينِي"
  },
  {
    "title": "دعاء الصلاح",
    "text": "اللَّهُمَّ أَصْلِحْ لِي دِينِي الَّذِي هُوَ عِصْمَةُ أَمْرِي وَأَصْلِحْ لِي دُنْيَايَ الَّتِي فِيهَا مَعَاشِي"
  },
  {
    "title": "دعاء البركة",
    "text": "اللَّهُمَّ بَارِكْ فِي رِزْقِي وَوَسِّعْ عَلَيَّ فِي مَالِي وَأَصْلِحْ حَالِي"
  }
]