[
  {
    "id": 1,
    "text": "إِنَّمَا الْأَعْمَالُ بِالنِّيَّاتِ وَإِنَّمَا لِكُلِّ امْرِئٍ مَا نَوَى",
    "translation": "إنما الأعمال بالنيات، وإنما لكل امرئ ما نوى",
    "explanation": "الأعمال تُقاس بنية صاحبها، وكل شخص يحصل على ما ينويه في عمله.",
    "source": "صحيح البخاري"
  },
  {
    "id": 2,
    "text": "الدِّينُ النَّصِيحَةُ",
    "translation": "الدين النصيحة",
    "explanation": "جوهر الدين هو النصيحة لله ولرسوله ولأئمة المسلمين وعامتهم.",
    "source": "صحيح مسلم"
  },
  {
    "id": 3,
    "text": "لَا يُؤْمِنُ أَحَدُكُمْ حَتَّى يُحِبَّ لِأَخِيهِ مَا يُحِبُّ لِنَفْسِهِ",
    "translation": "لا يؤمن أحدكم حتى يحب لأخيه ما يحب لنفسه",
    "explanation": "لا يكتمل إيمان المسلم إلا إذا أحب لإخوانه المسلمين ما يحبه لنفسه.",
    "source": "صحيح البخاري ومسلم"
  },
  {
    "id": 4,
    "text": "الْمُسْلِمُ مَنْ سَلِمَ الْمُسْلِمُونَ مِنْ لِسَانِهِ وَيَدِهِ",
    "translation": "المسلم من سلم المسلمون من لسانه ويده",
    "explanation": "المسلم الحقيقي هو الذي لا يؤذي المسلمين بلسانه أو يده.",
    "source": "صحيح البخاري"
  },
  {
    "id": 5,
    "text": "مَنْ كَانَ يُؤْمِنُ بِاللَّهِ وَالْيَوْمِ الْآخِرِ فَلْيَقُلْ خَيْرًا أَوْ لِيَصْمُتْ",
    "translation": "من كان يؤمن بالله واليوم الآخر فليقل خيرا أو ليصمت",
    "explanation": "من آمن بالله واليوم الآخر فعليه أن يتكلم بالخير أو يسكت.",
    "source": "صحيح البخاري ومسلم"
  },
  {
    "id": 6,
    "text": "الطُّهُورُ شَطْرُ الْإِيمَانِ",
    "translation": "الطهور شطر الإيمان",
    "explanation": "الطهور نصف الإيمان، فالنظافة جزء أساسي من الإيمان.",
    "source": "صحيح مسلم"
  },
  {
    "id": 7,
    "text": "إِنَّ اللَّهَ لَا يَنْظُرُ إِلَى صُوَرِكُمْ وَأَمْوَالِكُمْ وَلَكِنْ يَنْظُرُ إِلَى قُلُوبِكُمْ وَأَعْمَالِكُمْ",
    "translation": "إن الله لا ينظر إلى صوركم وأموالكم ولكن ينظر إلى قلوبكم وأعمالكم",
    "explanation": "الله ينظر إلى القلوب والأعمال لا إلى المظاهر الخارجية.",
    "source": "صحيح مسلم"
  },
  {
    "id": 8,
    "text": "مَنْ صَامَ رَمَضَانَ إِيمَانًا وَاحْتِسَابًا غُفِرَ لَهُ مَا تَقَدَّمَ مِنْ ذَنْبِهِ",
    "translation": "من صام رمضان إيمانا واحتسابا غفر له ما تقدم من ذنبه",
    "explanation": "من صام رمضان بالإيمان والطمع في الأجر يغفر له ذنوبه السابقة.",
    "source": "صحيح البخاري"
  },
  {
    "id": 9,
    "text": "الصَّلَاةُ عِمَادُ الدِّينِ",
    "translation": "الصلاة عماد الدين",
    "explanation": "الصلاة هي عماد الدين، أساسه ودعامه.",
    "source": "سنن الترمذي"
  },
  {
    "id": 10,
    "text": "إِنَّ الْعِلْمَ خَيْرٌ مِنَ الْمَالِ",
    "translation": "إن العلم خير من المال",
    "explanation": "العلم أفضل من المال، فهو يبقى ويورث.",
    "source": "سنن ابن ماجه"
  },
  {
    "id": 11,
    "text": "مَنْ دَلَّ عَلَى خَيْرٍ فَلَهُ مِثْلُ أَجْرِ مَنْ عَمِلَ بِهِ",
    "translation": "من دل على خير فله مثل أجر من عمل به",
    "explanation": "من يرشد الآخرين إلى الخير يحصل على أجر مثل أجر من يعمل به.",
    "source": "صحيح مسلم"
  },
  {
    "id": 12,
    "text": "الْمُؤْمِنُ الْقَوِيُّ خَيْرٌ وَأَحَبُّ إِلَى اللَّهِ مِنَ الْمُؤْمِنِ الضَّعِيفِ",
    "translation": "المؤمن القوي خير وأحب إلى الله من المؤمن الضعيف",
    "explanation": "المؤمن القوي أفضل وأحب إلى الله من المؤمن الضعيف، مع وجود الخير في كليهما.",
    "source": "صحيح مسلم"
  },
  {
    "id": 13,
    "text": "إِنَّ اللَّهَ يُحِبُّ الْعَبْدَ التَّقِيَّ الْغَنِيَّ الْخَفِيَّ",
    "translation": "إن الله يحب العبد التقي الغني الخفي",
    "explanation": "الله يحب العبد الورع، الغني بالقناعة، الذي لا يتظاهر بأعماله.",
    "source": "صحيح البخاري"
  },
  {
    "id": 14,
    "text": "الْكَلِمَةُ الطَّيِّبَةُ صَدَقَةٌ",
    "translation": "الكلمة الطيبة صدقة",
    "explanation": "الكلمة الطيبة تعد صدقة، فهي خير وبركة.",
    "source": "صحيح البخاري"
  },
  {
    "id": 15,
    "text": "مَنْ لَا يَشْكُرُ النَّاسَ لَا يَشْكُرُ اللَّهَ",
    "translation": "من لا يشكر الناس لا يشكر الله",
    "explanation": "من لا يشكر الناس على إحسانهم، لا يشكر الله على نعمه.",
    "source": "أحمد"
  },
  {
    "id": 16,
    "text": "الصَّبْرُ مِفْتَاحُ الْفَرَجِ",
    "translation": "الصبر مفتاح الفرج",
    "explanation": "الصبر هو مفتاح الفرج والخلاص من الشدائد.",
    "source": "مسند أحمد"
  },
  {
    "id": 17,
    "text": "إِنَّ الْعِبَادَةَ فِي الْهِجْرَةِ",
    "translation": "إن العبادة في الهجرة",
    "explanation": "الهجرة في سبيل الله عبادة كبيرة.",
    "source": "صحيح البخاري"
  },
  {
    "id": 18,
    "text": "الْجَنَّةُ تَحْتَ أَقْدَامِ الْأُمَّهَاتِ",
    "translation": "الجنة تحت أقدام الأمهات",
    "explanation": "بر الوالدين، خاصة الأم، يؤدي إلى الجنة.",
    "source": "النسائي"
  },
  {
    "id": 19,
    "text": "مَنْ أَحْيَا أَرْضًا مَيْتَةً فَهِيَ لَهُ",
    "translation": "من أحيا أرضا ميتة فهي له",
    "explanation": "من يعمّر أرضا مهجورة تصبح ملكه.",
    "source": "أبو داود"
  },
  {
    "id": 20,
    "text": "الْإِسْلَامُ يَعْلُو وَلَا يُعْلَى عَلَيْهِ",
    "translation": "الإسلام يعلو ولا يعلى عليه",
    "explanation": "الإسلام دين عالي، لا يُهزم أو يُغلب.",
    "source": "دارمي"
  },
  {
    "id": 21,
    "text": "الْمُسْلِمُ أَخُو الْمُسْلِمِ لَا يَظْلِمُهُ وَلَا يُسْلِمُهُ",
    "translation": "المسلم أخو المسلم لا يظلمه ولا يسلمه",
    "explanation": "المسلمون إخوة، لا يظلمون بعضهم ولا يتركون أحدهم للعدو.",
    "source": "صحيح البخاري"
  },
  {
    "id": 22,
    "text": "الدُّعَاءُ سِلَاحُ الْمُؤْمِنِ",
    "translation": "الدعاء سلاح المؤمن",
    "explanation": "الدعاء هو سلاح المؤمن في مواجهة الشدائد.",
    "source": "الحاكم"
  },
  {
    "id": 23,
    "text": "مَنْ تَابَ قَبْلَ أَنْ تَطْلُعَ الشَّمْسُ مِنْ مَغْرِبِهَا تَابَ اللَّهُ عَلَيْهِ",
    "translation": "من تاب قبل أن تطلع الشمس من مغربها تاب الله عليه",
    "explanation": "الله يقبل توبة العبد قبل أن يموت.",
    "source": "صحيح مسلم"
  },
  {
    "id": 24,
    "text": "الْعِلْمُ نُورٌ يَقْذِفُهُ اللَّهُ فِي قَلْبِ مَنْ يَشَاءُ",
    "translation": "العلم نور يقذفه الله في قلب من يشاء",
    "explanation": "العلم نور إلهي يمنحه الله لمن يريد.",
    "source": "سنن الترمذي"
  },
  {
    "id": 25,
    "text": "الْحَسَدُ يَأْكُلُ الْحَسَنَاتِ كَمَا تَأْكُلُ النَّارُ الْحَطَبَ",
    "translation": "الحسد يأكل الحسنات كما تأكل النار الحطب",
    "explanation": "الحسد يمحو الحسنات مثلما تحرق النار الخشب.",
    "source": "أبو داود"
  },
  {
    "id": 26,
    "text": "الْإِيمَانُ بِضْعٌ وَسِتُّونَ شُعْبَةً وَالْحَيَاءُ شُعْبَةٌ مِنَ الْإِيمَانِ",
    "translation": "الإيمان بضع وستون شعبة والحياء شعبة من الإيمان",
    "explanation": "الإيمان له ستون شعبة، والحياء إحداها.",
    "source": "صحيح البخاري"
  },
  {
    "id": 27,
    "text": "مَنْ أَكَلَ طَعَامًا ثُمَّ قَالَ الْحَمْدُ لِلَّهِ الَّذِي أَطْعَمَنِي هَذَا وَرَزَقَنِيهِ مِنْ غَيْرِ حَوْلٍ مِنِّي وَلَا قُوَّةٍ غُفِرَ لَهُ مَا تَقَدَّمَ مِنْ ذَنْبِهِ",
    "translation": "من أكل طعاما ثم قال الحمد لله... غفر له ما تقدم من ذنبه",
    "explanation": "شكر الله على الطعام يغفر الذنوب السابقة.",
    "source": "أبو داود"
  },
  {
    "id": 28,
    "text": "اللَّهُمَّ إِنِّي أَسْأَلُكَ الْعَفْوَ وَالْعَافِيَةَ فِي الدُّنْيَا وَالْآخِرَةِ",
    "translation": "اللهم إني أسألك العفو والعافية في الدنيا والآخرة",
    "explanation": "دعاء للعفو والعافية.",
    "source": "سنن الترمذي"
  },
  {
    "id": 29,
    "text": "الْمُسْلِمُ مَنْ سَلِمَ الْمُسْلِمُونَ مِنْ لِسَانِهِ وَيَدِهِ وَالْمُهَاجِرُ مَنْ هَجَرَ مَا نَهَى اللَّهُ عَنْهُ",
    "translation": "المسلم من سلم المسلمون من لسانه ويده والمهاجر من هجر ما نهى الله عنه",
    "explanation": "تعريف المسلم والمهاجر.",
    "source": "صحيح البخاري"
  },
  {
    "id": 30,
    "text": "إِنَّ الْأَعْمَالَ تُعْرَضُ كُلَّ يَوْمِ اثْنَيْنِ وَخَمِيسٍ",
    "translation": "إن الأعمال تعرض كل يوم اثنين وخميس",
    "explanation": "الأعمال تُعرض على الله يومي الاثنين والخميس.",
    "source": "سنن الترمذي"
  },
  {
    "id": 31,
    "text": "خَيْرُكُمْ مَنْ تَعَلَّمَ الْقُرْآنَ وَعَلَّمَهُ",
    "translation": "خيركم من تعلم القرآن وعلمه",
    "explanation": "أفضل الناس من يتعلم القرآن ويعلم الآخرين.",
    "source": "صحيح البخاري"
  },
  {
    "id": 32,
    "text": "الصِّدْقُ يَهْدِي إِلَى الْبِرِّ وَالْبِرُّ يَهْدِي إِلَى الْجَنَّةِ",
    "translation": "الصدق يهدي إلى البر والبر يهدي إلى الجنة",
    "explanation": "الصدق يؤدي إلى فعل الخير والخير يؤدي إلى الجنة.",
    "source": "صحيح مسلم"
  },
  {
    "id": 33,
    "text": "مَنْ سُئِلَ عَنْ عِلْمٍ عَلِمَهُ فَكَتَمَهُ أُلْجِمَ يَوْمَ الْقِيَامَةِ بِلِجَامٍ مِنْ نَارٍ",
    "translation": "من سئل عن علم علمه فكتمه ألجم يوم القيامة بلجام من نار",
    "explanation": "من يكتم العلم الذي يعلمه يعاقب يوم القيامة.",
    "source": "سنن الترمذي"
  },
  {
    "id": 34,
    "text": "الْمُؤْمِنُ لِلْمُؤْمِنِ كَالْبُنْيَانِ يَشُدُّ بَعْضُهُ بَعْضًا",
    "translation": "المؤمن للمؤمن كالبنيان يشد بعضه بعضا",
    "explanation": "المؤمنون متعاونون متماسكون كالبناء المترابط.",
    "source": "صحيح البخاري"
  },
  {
    "id": 35,
    "text": "إِنَّ اللَّهَ جَمِيلٌ يُحِبُّ الْجَمَالَ",
    "translation": "إن الله جميل يحب الجمال",
    "explanation": "الله جميل ويحب الجمال في كل شيء.",
    "source": "صحيح مسلم"
  },
  {
    "id": 36,
    "text": "الْوُضُوءُ شَطْرُ الْإِيمَانِ وَالْحَمْدُ لِلَّهِ تَمْلَأُ الْمِيزَانَ",
    "translation": "الوضوء شطر الإيمان والحمد لله تملأ الميزان",
    "explanation": "الوضوء نصف الإيمان والحمد يملأ الميزان يوم القيامة.",
    "source": "صحيح مسلم"
  },
  {
    "id": 37,
    "text": "مَنْ قَرَأَ حَرْفًا مِنْ كِتَابِ اللَّهِ فَلَهُ بِهِ حَسَنَةٌ وَالْحَسَنَةُ بِعَشْرِ أَمْثَالِهَا",
    "translation": "من قرأ حرفا من كتاب الله فله به حسنة والحسنة بعشر أمثالها",
    "explanation": "كل حرف من القرآن له حسنة والحسنة بعشر أمثالها.",
    "source": "سنن الترمذي"
  },
  {
    "id": 38,
    "text": "الْعَبْدُ أَقْرَبُ مَا يَكُونُ مِنْ رَبِّهِ وَهُوَ سَاجِدٌ",
    "translation": "العبد أقرب ما يكون من ربه وهو ساجد",
    "explanation": "الإنسان يكون أقرب إلى الله وهو ساجد في الصلاة.",
    "source": "صحيح مسلم"
  },
  {
    "id": 39,
    "text": "لَيْسَ الْمُؤْمِنُ بِالَّذِي يَشْبَعُ وَجَارُهُ جَائِعٌ",
    "translation": "ليس المؤمن بالذي يشبع وجاره جائع",
    "explanation": "المؤمن الحقيقي لا يشبع بينما جاره جائع.",
    "source": "مسند أحمد"
  },
  {
    "id": 40,
    "text": "الْمُسْلِمُونَ تَتَكَافَأُ دِمَاؤُهُمْ وَيَسْعَى بِذِمَّتِهِمْ أَدْنَاهُمْ",
    "translation": "المسلمون تتكافأ دماؤهم ويسعى بذمتهم أدناهم",
    "explanation": "المسلمون متساوون في الحقوق والحماية.",
    "source": "سنن ابن ماجه"
  },
  {
    "id": 41,
    "text": "إِنَّ اللَّهَ طَيِّبٌ لَا يَقْبَلُ إِلَّا طَيِّبًا",
    "translation": "إن الله طيب لا يقبل إلا طيبا",
    "explanation": "الله طيب ولا يقبل إلا الطيب من الأعمال والأرزاق.",
    "source": "صحيح مسلم"
  },
  {
    "id": 42,
    "text": "الْبِرُّ حَسَنُ الْخُلُقِ وَالْإِثْمُ مَا حَاكَ فِي صَدْرِكَ",
    "translation": "البر حسن الخلق والإثم ما حاك في صدرك",
    "explanation": "الخير هو حسن الخلق والشر ما يقلق الضمير.",
    "source": "صحيح مسلم"
  },
  {
    "id": 43,
    "text": "مَنْ كَانَ فِي حَاجَةِ أَخِيهِ كَانَ اللَّهُ فِي حَاجَتِهِ",
    "translation": "من كان في حاجة أخيه كان الله في حاجته",
    "explanation": "من يساعد أخيه المسلم في حاجته يساعده الله في حاجته.",
    "source": "صحيح البخاري"
  },
  {
    "id": 44,
    "text": "الْكَرَمُ شُجَاعَةٌ وَالْبُخْلُ جُبْنٌ",
    "translation": "الكرم شجاعة والبخل جبن",
    "explanation": "الكرم دليل على الشجاعة والبخل دليل على الجبن.",
    "source": "مسند أحمد"
  },
  {
    "id": 45,
    "text": "الْمَرْءُ مَعَ مَنْ أَحَبَّ",
    "translation": "المرء مع من أحب",
    "explanation": "الإنسان يوم القيامة مع من أحبهم في الدنيا.",
    "source": "صحيح البخاري"
  },
  {
    "id": 46,
    "text": "إِنَّمَا بُعِثْتُ لِأُتَمِّمَ مَكَارِمَ الْأَخْلَاقِ",
    "translation": "إنما بعثت لأتمم مكارم الأخلاق",
    "explanation": "بعث النبي لإتمام الأخلاق الحميدة.",
    "source": "الموطأ"
  },
  {
    "id": 47,
    "text": "الْحَسَدُ يُفْسِدُ الْعَمَلَ كَمَا يُفْسِدُ الْخَلُّ الْعَسَلَ",
    "translation": "الحسد يفسد العمل كما يفسد الخل العسل",
    "explanation": "الحسد يفسد الأعمال الصالحة.",
    "source": "مسند أحمد"
  },
  {
    "id": 48,
    "text": "الْعِلْمُ خَيْرٌ مِنَ الْعَمَلِ إِذَا صَحَّ النِّيَّةُ",
    "translation": "العلم خير من العمل إذا صح النية",
    "explanation": "العلم أفضل من العمل إذا كانت النية صحيحة.",
    "source": "سنن الدارمي"
  },
  {
    "id": 49,
    "text": "الْمُؤْمِنُ مِرْآةُ أَخِيهِ",
    "translation": "المؤمن مرآة أخيه",
    "explanation": "المؤمن يظهر لأخيه عيوبه كالمرآة.",
    "source": "سنن أبي داود"
  },
  {
    "id": 50,
    "text": "الْجَنَّةُ أَقْرَبُ إِلَى أَحَدِكُمْ مِنْ شِرَاكِ نَعْلِهِ",
    "explanation": "الجنة قريبة من المؤمن أكثر من حبل نعله.",
    "source": "صحيح البخاري"
  }
]