{
  "contentSecurityPolicy": {
    "directives": {
      "defaultSrc": ["'self'"],
      "scriptSrc": [
        "'self'",
        "'unsafe-inline'",
        "'unsafe-eval'",
        "https://api.quran.com",
        "https://api.aladhan.com",
        "https://cdn.islamic.network"
      ],
      "styleSrc": [
        "'self'",
        "'unsafe-inline'",
        "https://fonts.googleapis.com",
        "https://fonts.gstatic.com"
      ],
      "imgSrc": [
        "'self'",
        "data:",
        "https:",
        "blob:"
      ],
      "fontSrc": [
        "'self'",
        "https://fonts.gstatic.com"
      ],
      "connectSrc": [
        "'self'",
        "https://api.quran.com",
        "https://api.aladhan.com",
        "https://cdn.islamic.network"
      ],
      "manifestSrc": ["'self'"],
      "workerSrc": ["'self'"],
      "frameSrc": ["'none'"],
      "objectSrc": ["'none'"],
      "baseUri": ["'self'"],
      "formAction": ["'self'"]
    },
    "reportUri": "/csp-report"
  },

  "securityHeaders": {
    "strictTransportSecurity": {
      "maxAge": 31536000,
      "includeSubDomains": true,
      "preload": true
    },
    "xFrameOptions": "DENY",
    "xContentTypeOptions": "nosniff",
    "xXssProtection": "1; mode=block",
    "referrerPolicy": "strict-origin-when-cross-origin",
    "permissionsPolicy": {
      "geolocation": ["self"],
      "microphone": ["none"],
      "camera": ["none"],
      "magnetometer": ["self"],
      "gyroscope": ["self"],
      "accelerometer": ["self"],
      "payment": ["none"]
    }
  },

  "rateLimiting": {
    "api": {
      "requestsPerMinute": 100,
      "burstLimit": 20
    },
    "search": {
      "requestsPerMinute": 30,
      "burstLimit": 10
    },
    "ai": {
      "requestsPerMinute": 20,
      "burstLimit": 5
    }
  },

  "dataValidation": {
    "maxTextLength": 1000,
    "maxSearchLength": 100,
    "allowedFileTypes": [".json", ".txt"],
    "maxFileSize": 5242880,
    "sanitizeInput": true,
    "escapeOutput": true
  },

  "privacy": {
    "collectAnalytics": false,
    "shareData": false,
    "thirdPartyCookies": false,
    "tracking": false,
    "fingerprinting": false
  },

  "encryption": {
    "algorithm": "AES-256-GCM",
    "keySize": 256,
    "ivLength": 16,
    "tagLength": 16
  },

  "backup": {
    "encryptByDefault": true,
    "compressionEnabled": true,
    "maxBackupSize": 10485760,
    "retentionDays": 30
  }
}