{
  "version": 2,
  "name": "rafiq-islamic-app",
  "builds": [
    {
      "src": "index.html",
      "use": "@vercel/static"
    }
  ],
  "routes": [
    {
      "src": "/(.*)",
      "dest": "/index.html"
    }
  ],
  "headers": [
    {
      "source": "/(.*)",
      "headers": [
        {
          "key": "X-Frame-Options",
          "value": "DENY"
        },
        {
          "key": "X-Content-Type-Options",
          "value": "nosniff"
        },
        {
          "key": "X-XSS-Protection",
          "value": "1; mode=block"
        },
        {
          "key": "Referrer-Policy",
          "value": "strict-origin-when-cross-origin"
        },
        {
          "key": "Content-Security-Policy",
          "value": "default-src 'self'; script-src 'self' 'unsafe-inline' 'unsafe-eval' https://api.quran.com https://api.aladhan.com https://cdn.islamic.network; style-src 'self' 'unsafe-inline' https://fonts.googleapis.com https://fonts.gstatic.com; img-src 'self' data: https: blob:; font-src 'self' https://fonts.gstatic.com; connect-src 'self' https://api.quran.com https://api.aladhan.com https://cdn.islamic.network; manifest-src 'self'; worker-src 'self'; frame-src 'none'; object-src 'none'; base-uri 'self'; form-action 'self'"
        },
        {
          "key": "Strict-Transport-Security",
          "value": "max-age=31536000; includeSubDomains; preload"
        },
        {
          "key": "Permissions-Policy",
          "value": "geolocation=(self), microphone=(none), camera=(none), magnetometer=(self), gyroscope=(self), accelerometer=(self), payment=(none)"
        },
        {
          "key": "Cache-Control",
          "value": "public, max-age=31536000, immutable"
        }
      ]
    },
    {
      "source": "/api/(.*)",
      "headers": [
        {
          "key": "Access-Control-Allow-Origin",
          "value": "*"
        },
        {
          "key": "Access-Control-Allow-Methods",
          "value": "GET, POST, OPTIONS"
        },
        {
          "key": "Access-Control-Allow-Headers",
          "value": "Content-Type, Authorization"
        },
        {
          "key": "Cache-Control",
          "value": "public, max-age=3600"
        }
      ]
    },
    {
      "source": "/sw.js",
      "headers": [
        {
          "key": "Cache-Control",
          "value": "public, max-age=0, must-revalidate"
        },
        {
          "key": "Service-Worker-Allowed",
          "value": "/"
        }
      ]
    }
  ],
  "functions": {
    "api/**/*.js": {
      "runtime": "nodejs18.x"
    }
  },
  "env": {
    "NODE_ENV": "production"
  },
  "buildCommand": "echo 'No build step required'",
  "devCommand": "python -m http.server 3000",
  "installCommand": "echo 'No dependencies to install'",
  "framework": null,
  "regions": ["iad1"],
  "outputDirectory": ".",
  "public": true,
  "static": true
}